driver_id,driver_name,city,vehicle_type,rating,status
D101,Neha,Mumbai,Sedan,4.2,Active
D102,Vikram,Delhi,SUV,3.9,Active
D103,Suresh,Delhi,Hatchback,4.2,Active
D104,Karan,Mumbai,Hatchback,3.4,Active
D105,Rahul,Delhi,Hatchback,3.7,Active
D106,Priya,Delhi,SUV,4.0,Active
D107,Suresh,Delhi,Sedan,4.4,Inactive
D108,Neha,Delhi,SUV,4.5,Inactive
D109,Priya,Mumbai,Hatchback,3.6,Inactive
D110,Karan,Mumbai,Sedan,3.4,Active
D111,Amit,Bangalore,Hatchback,4.3,Inactive
D112,Rahul,Bangalore,Hatchback,4.7,Inactive
D113,Suresh,Bangalore,SUV,4.0,Active
D114,Pooja,Delhi,Hatchback,4.6,Active
D115,Ravi,Bangalore,Sedan,4.0,Active
D116,Amit,Delhi,Sedan,4.1,Active
D117,Neha,Mumbai,Hatchback,4.9,Active
D118,Priya,Delhi,Hatchback,3.1,Active
D119,Ravi,Mumbai,Hatchback,3.4,Inactive
D120,Pooja,Delhi,Hatchback,4.1,Inactive
D121,Ravi,Delhi,SUV,3.2,Inactive
D122,Priya,Bangalore,Hatchback,3.1,Active
D123,Suresh,Mumbai,Sedan,4.9,Active
D124,Karan,Delhi,Sedan,3.5,Active
D125,Vikram,Bangalore,SUV,3.1,Active
D126,Suresh,Bangalore,SUV,4.6,Active
D127,Rahul,Bangalore,SUV,4.6,Inactive
D128,Vikram,Bangalore,SUV,3.5,Active
D129,Neha,Mumbai,SUV,3.3,Active
D130,Neha,Bangalore,SUV,3.5,Inactive
D131,Suresh,Bangalore,Hatchback,3.5,Active
D132,Ravi,Bangalore,Sedan,3.5,Inactive
D133,Priya,Mumbai,Hatchback,4.0,Active
D134,Neha,Delhi,SUV,3.5,Inactive
D135,Priya,Delhi,SUV,3.4,Active
D136,Neha,Bangalore,SUV,4.9,Active
D137,Rahul,Bangalore,SUV,4.3,Active
D138,Rahul,Delhi,Hatchback,4.2,Active
D139,Rahul,Delhi,SUV,4.1,Active
D140,Neha,Delhi,Sedan,4.2,Active
D141,Karan,Mumbai,Hatchback,4.8,Active
D142,Suresh,Delhi,Sedan,3.1,Active
D143,Pooja,Delhi,Hatchback,3.4,Active
D144,Anjali,Mumbai,SUV,4.8,Inactive
D145,Amit,Delhi,Sedan,4.1,Inactive
D146,Rahul,Delhi,SUV,4.6,Inactive
D147,Rahul,Mumbai,Hatchback,3.8,Active
D148,Neha,Mumbai,SUV,3.9,Active
D149,Suresh,Delhi,SUV,3.0,Inactive
D150,Priya,Mumbai,SUV,3.5,Active
D151,Neha,Delhi,SUV,3.9,Active
D152,Ravi,Bangalore,Sedan,4.6,Active
D153,Priya,Bangalore,Hatchback,3.8,Active
D154,Pooja,Delhi,Sedan,4.1,Active
D155,Rahul,Bangalore,SUV,4.0,Inactive
D156,Amit,Bangalore,Hatchback,3.5,Inactive
D157,Amit,Mumbai,Sedan,5.0,Inactive
D158,Neha,Bangalore,SUV,5.0,Active
D159,Rahul,Mumbai,Hatchback,3.5,Active
D160,Suresh,Bangalore,SUV,3.9,Inactive
D161,Vikram,Delhi,Sedan,3.3,Active
D162,Amit,Mumbai,Hatchback,4.3,Inactive
D163,Neha,Bangalore,Hatchback,3.2,Active
D164,Priya,Mumbai,Hatchback,3.9,Active
D165,Neha,Mumbai,Sedan,4.5,Active
D166,Anjali,Mumbai,Hatchback,3.6,Inactive
D167,Suresh,Delhi,Hatchback,4.6,Active
D168,Karan,Mumbai,SUV,3.5,Active
D169,Pooja,Delhi,SUV,4.5,Active
D170,Anjali,Mumbai,Sedan,3.6,Active
D171,Suresh,Bangalore,Sedan,3.8,Active
D172,Vikram,Bangalore,SUV,4.3,Active
D173,Rahul,Bangalore,SUV,4.5,Active
D174,Neha,Bangalore,Sedan,3.9,Active
D175,Rahul,Bangalore,Hatchback,4.5,Active
D176,Anjali,Mumbai,Sedan,4.3,Active
D177,Karan,Mumbai,Hatchback,3.3,Active
D178,Karan,Bangalore,Sedan,3.5,Active
D179,Anjali,Delhi,Sedan,3.5,Inactive
D180,Neha,Delhi,SUV,3.4,Inactive
D181,Ravi,Mumbai,Sedan,3.6,Active
D182,Pooja,Mumbai,Sedan,3.2,Active
D183,Rahul,Bangalore,SUV,4.5,Active
D184,Suresh,Delhi,Hatchback,4.5,Active
D185,Vikram,Mumbai,Hatchback,3.5,Active
D186,Suresh,Bangalore,Sedan,3.3,Active
D187,Anjali,Mumbai,Sedan,4.0,Inactive
D188,Suresh,Bangalore,Sedan,4.5,Active
D189,Neha,Delhi,SUV,4.6,Active
D190,Amit,Delhi,Sedan,4.8,Inactive
D191,Vikram,Mumbai,Hatchback,3.8,Active
D192,Rahul,Delhi,Hatchback,3.3,Active
D193,Anjali,Bangalore,Sedan,3.0,Active
D194,Karan,Delhi,SUV,4.8,Active
D195,Priya,Delhi,Hatchback,4.9,Active
D196,Pooja,Delhi,Sedan,3.9,Inactive
D197,Neha,Mumbai,Hatchback,4.9,Active
D198,Ravi,Bangalore,SUV,4.5,Active
D199,Priya,Delhi,Hatchback,3.6,Active
D200,Karan,Mumbai,Sedan,3.8,Active
D201,Neha,Mumbai,Sedan,3.2,Inactive
D202,Anjali,Delhi,Sedan,3.8,Active
D203,Karan,Delhi,Sedan,4.9,Active
D204,Pooja,Bangalore,SUV,4.6,Active
D205,Amit,Bangalore,Sedan,3.2,Active
D206,Anjali,Bangalore,Hatchback,4.9,Active
D207,Suresh,Delhi,Hatchback,3.4,Active
D208,Vikram,Mumbai,Hatchback,4.3,Active
D209,Pooja,Delhi,Sedan,3.6,Active
D210,Karan,Delhi,SUV,3.5,Active
D211,Anjali,Delhi,SUV,3.3,Active
D212,Amit,Mumbai,Sedan,4.6,Active
D213,Karan,Mumbai,Sedan,3.3,Active
D214,Amit,Mumbai,SUV,4.5,Active
D215,Amit,Bangalore,Hatchback,3.6,Active
D216,Vikram,Mumbai,Sedan,4.6,Active
D217,Vikram,Delhi,SUV,4.6,Active
D218,Neha,Bangalore,Hatchback,4.5,Inactive
D219,Priya,Delhi,Sedan,5.0,Active
D220,Amit,Bangalore,Sedan,4.6,Inactive
D221,Neha,Delhi,Hatchback,4.3,Active
D222,Suresh,Mumbai,Hatchback,3.3,Active
D223,Karan,Delhi,Hatchback,3.7,Inactive
D224,Neha,Bangalore,SUV,5.0,Active
D225,Neha,Mumbai,Sedan,4.9,Inactive
D226,Anjali,Bangalore,Sedan,3.3,Inactive
D227,Neha,Bangalore,Hatchback,4.0,Active
D228,Priya,Delhi,SUV,3.9,Active
D229,Priya,Mumbai,SUV,4.2,Active
D230,Rahul,Delhi,Sedan,3.6,Inactive
D231,Vikram,Mumbai,Sedan,4.6,Active
D232,Karan,Bangalore,Sedan,4.5,Active
D233,Suresh,Bangalore,Hatchback,4.2,Active
D234,Neha,Delhi,SUV,3.4,Active
D235,Vikram,Bangalore,Sedan,4.9,Inactive
D236,Anjali,Bangalore,SUV,4.7,Active
D237,Anjali,Mumbai,SUV,4.3,Inactive
D238,Karan,Bangalore,Sedan,4.5,Active
D239,Rahul,Delhi,SUV,3.5,Active
D240,Suresh,Mumbai,Hatchback,3.5,Active
D241,Ravi,Delhi,Sedan,3.7,Active
D242,Karan,Mumbai,Hatchback,3.3,Active
D243,Ravi,Delhi,SUV,4.0,Active
D244,Pooja,Delhi,Hatchback,4.6,Active
D245,Neha,Mumbai,Hatchback,3.6,Active
D246,Rahul,Delhi,Sedan,4.9,Active
D247,Neha,Mumbai,Sedan,4.6,Active
D248,Neha,Bangalore,SUV,4.9,Active
D249,Vikram,Bangalore,SUV,4.0,Active
D250,Amit,Mumbai,SUV,3.7,Active
D251,Pooja,Delhi,Hatchback,3.1,Active
D252,Rahul,Mumbai,Sedan,4.6,Active
D253,Ravi,Delhi,SUV,3.1,Active
D254,Vikram,Delhi,SUV,3.4,Active
D255,Karan,Bangalore,Hatchback,3.3,Active
D256,Anjali,Delhi,Hatchback,4.5,Active
D257,Priya,Mumbai,Sedan,4.2,Inactive
D258,Amit,Bangalore,Sedan,3.4,Active
D259,Karan,Delhi,SUV,4.6,Active
D260,Anjali,Bangalore,Sedan,3.2,Active
D261,Suresh,Delhi,Sedan,5.0,Active
D262,Suresh,Mumbai,SUV,3.5,Active
D263,Vikram,Delhi,SUV,4.1,Active
D264,Karan,Mumbai,SUV,3.8,Active
D265,Karan,Mumbai,Hatchback,4.0,Active
D266,Ravi,Delhi,Sedan,4.7,Inactive
D267,Ravi,Delhi,Hatchback,5.0,Inactive
D268,Priya,Mumbai,SUV,3.7,Active
D269,Neha,Delhi,Sedan,3.4,Active
D270,Suresh,Bangalore,Sedan,4.8,Active
D271,Anjali,Delhi,Hatchback,4.5,Active
D272,Neha,Bangalore,Sedan,4.4,Active
D273,Anjali,Delhi,Hatchback,4.9,Active
D274,Ravi,Bangalore,Hatchback,5.0,Active
D275,Amit,Delhi,Sedan,3.0,Active
D276,Neha,Mumbai,Sedan,4.6,Active
D277,Amit,Delhi,Hatchback,3.9,Active
D278,Suresh,Delhi,Sedan,4.9,Active
D279,Ravi,Mumbai,SUV,3.3,Inactive
D280,Pooja,Mumbai,SUV,4.0,Active
D281,Anjali,Mumbai,Sedan,3.7,Active
D282,Vikram,Delhi,Sedan,4.2,Active
D283,Anjali,Bangalore,Sedan,3.2,Active
D284,Rahul,Bangalore,Hatchback,3.1,Active
D285,Rahul,Bangalore,SUV,3.6,Active
D286,Rahul,Mumbai,Hatchback,4.2,Active
D287,Amit,Delhi,Hatchback,4.7,Active
D288,Anjali,Mumbai,SUV,3.7,Active
D289,Priya,Mumbai,Hatchback,3.2,Active
D290,Ravi,Bangalore,Hatchback,4.2,Active
D291,Ravi,Bangalore,Hatchback,4.8,Inactive
D292,Amit,Delhi,SUV,3.0,Active
D293,Karan,Mumbai,Hatchback,3.5,Active
D294,Amit,Bangalore,Sedan,4.0,Active
D295,Vikram,Delhi,SUV,4.5,Active
D296,Amit,Mumbai,Hatchback,3.2,Active
D297,Vikram,Mumbai,Hatchback,3.5,Active
D298,Neha,Bangalore,Sedan,3.4,Active
D299,Amit,Delhi,Hatchback,4.8,Active
D300,Neha,Delhi,Sedan,4.0,Active
D301,Priya,Mumbai,Sedan,3.9,Active
D302,Priya,Bangalore,Sedan,3.9,Inactive
D303,Neha,Bangalore,SUV,3.1,Active
D304,Priya,Mumbai,Sedan,4.6,Active
D305,Rahul,Mumbai,SUV,4.6,Active
D306,Rahul,Bangalore,Hatchback,3.9,Active
D307,Anjali,Bangalore,Sedan,4.6,Active
D308,Amit,Delhi,Hatchback,4.2,Inactive
D309,Ravi,Delhi,Sedan,3.2,Active
D310,Karan,Delhi,SUV,4.8,Active
D311,Ravi,Delhi,SUV,4.6,Active
D312,Vikram,Mumbai,Hatchback,4.9,Active
D313,Vikram,Bangalore,Sedan,4.0,Active
D314,Anjali,Delhi,Sedan,4.7,Active
D315,Priya,Mumbai,Sedan,5.0,Inactive
D316,Priya,Delhi,Hatchback,3.3,Active
D317,Neha,Bangalore,Sedan,3.1,Active
D318,Suresh,Bangalore,Sedan,4.2,Inactive
D319,Neha,Delhi,Sedan,4.3,Inactive
D320,Pooja,Mumbai,SUV,3.6,Inactive
D321,Rahul,Mumbai,SUV,3.5,Active
D322,Pooja,Delhi,Sedan,4.6,Active
D323,Amit,Bangalore,Hatchback,3.1,Active
D324,Anjali,Bangalore,Sedan,4.7,Active
D325,Anjali,Delhi,Hatchback,3.8,Inactive
D326,Suresh,Bangalore,Sedan,3.9,Inactive
D327,Anjali,Bangalore,Sedan,3.7,Active
D328,Suresh,Delhi,SUV,4.9,Active
D329,Pooja,Bangalore,SUV,3.3,Active
D330,Neha,Mumbai,Sedan,3.5,Active
D331,Priya,Delhi,SUV,4.4,Active
D332,Rahul,Bangalore,SUV,4.0,Active
D333,Amit,Mumbai,Hatchback,3.5,Active
D334,Anjali,Mumbai,Sedan,3.5,Active
D335,Karan,Bangalore,Hatchback,3.9,Active
D336,Karan,Delhi,Sedan,4.2,Active
D337,Karan,Mumbai,SUV,4.0,Inactive
D338,Suresh,Mumbai,SUV,4.0,Inactive
D339,Ravi,Bangalore,Sedan,3.7,Active
D340,Rahul,Mumbai,Hatchback,3.1,Active
D341,Suresh,Delhi,SUV,3.3,Active
D342,Pooja,Delhi,Hatchback,4.1,Inactive
D343,Priya,Mumbai,SUV,3.2,Active
D344,Neha,Bangalore,Hatchback,3.7,Active
D345,Ravi,Mumbai,Sedan,3.6,Active
D346,Anjali,Delhi,Sedan,4.4,Active
D347,Vikram,Bangalore,SUV,4.0,Active
D348,Neha,Bangalore,Hatchback,3.8,Active
D349,Ravi,Mumbai,SUV,4.8,Inactive
D350,Pooja,Bangalore,Hatchback,3.1,Active
